1903,1739.42,0
1903,1719.42,0
1903,1699.42,0
1903,1679.42,0
1903,1659.42,0
1903,1639.42,0
1903,1619.42,0
1903,1599.42,0
1903,1579.42,0
1903,1559.42,0
1903,1539.42,0
1891.92,1530.5,0
1871.92,1530.5,0
1851.92,1530.5,0
1831.92,1530.5,0
1811.92,1530.5,0
1791.92,1530.5,0
1771.92,1530.5,0
1752.5,1529.92,0
1752.5,1509.92,0
1752.5,1489.92,0
1752.5,1469.92,0
1752.5,1449.92,0
1752.5,1429.92,0
1748.42,1414,0
1728.42,1414,0
1708.42,1414,0
1688.42,1414,0
1668.42,1414,0
1648.42,1414,0
1628.42,1414,0
1608.42,1414,0
1588.42,1414,0
1568.42,1414,0
1548.42,1414,0
1528.42,1414,0
1508.42,1414,0
1488.42,1414,0
1468.42,1414,0
1448.42,1414,0
1428.42,1414,0
1408.42,1414,0
1388.42,1414,0
1368.42,1414,0
1348.42,1414,0
1340,1425.58,0
1340,1445.58,0
1340,1465.58,0
1340,1485.58,0
1340,1505.58,0
1340,1525.58,0
1340,1545.58,0
1340,1565.58,0
1340,1585.58,0
1340,1605.58,0
1328,1610.42,0
1328,1590.42,0
1328,1570.42,0
1328,1550.42,0
1318.42,1540,0
1298.42,1540,0
1278.42,1540,0
1258.42,1540,0
1238.42,1540,0
1218.42,1540,0
1198.42,1540,0
1178.42,1540,0
1158.42,1540,0
1138.42,1540,0
1118.42,1540,0
1098.42,1540,0
1078.42,1540,0
1058.42,1540,0
1038.42,1540,0
1018.42,1540,0
998.42,1540,0
978.42,1540,0
958.42,1540,0
938.42,1540,0
918.42,1540,0
902,1536.42,0
902,1516.42,0
902,1496.42,0
902,1476.42,0
902,1456.42,0
902,1436.42,0
902,1416.42,0
902,1396.42,0
902,1376.42,0
902,1356.42,0
902,1336.42,0
902,1316.42,0
902,1296.42,0
902,1276.42,0
902,1256.42,0
902,1236.42,0
902,1216.42,0
902,1196.42,0
902,1176.42,0
902,1156.42,0
902,1136.42,0
902,1116.42,0
902,1096.42,0
902,1076.42,0
902,1056.42,0
902,1036.42,0
902,1016.42,0
902,996.42,0
902,976.42,0
902,956.42,0
902,936.42,0
902,916.42,0
902,896.42,0
902,876.42,0
902,856.42,0
902,836.42,0
902,816.42,0
902,796.42,0
902,776.42,0
902,756.42,0
902,736.42,0
902,716.42,0
902,696.42,0
902,676.42,0
902,656.42,0
902,636.42,0
897.42,621,0
877.42,621,0
857.42,621,0
837.42,621,0
817.42,621,0
797.42,621,0
777.42,621,0
757.42,621,0
737.42,621,0
717.42,621,0
697.42,621,0
677.42,621,0
657.42,621,0
637.42,621,0
617.42,621,0
597.42,621,0
577.42,621,0
557.42,621,0
547,630.58,0
547,650.58,0
547,670.58,0
547,690.58,0
547,710.58,0
547,730.58,0
547,750.58,0
547,770.58,0
547,790.58,0
547,810.58,0
547,830.58,0
547,850.58,0
547,870.58,0
547,890.58,0
548.58,909,0
568.58,909,0
588.58,909,0
608.58,909,0
628.58,909,0
648.58,909,0
668.58,909,0
688.58,909,0
708.58,909,0
727,910.58,0
727,930.58,0
727,950.58,0
727,970.58,0
727,990.58,0
727,1010.58,0
727,1030.58,0
727,1050.58,0
727,1070.58,0
727,1090.58,0
727,1110.58,0
727,1130.58,0
727,1150.58,0
727,1170.58,0
727,1190.58,0
727,1210.58,0
727,1230.58,0
727,1250.58,0
727,1270.58,0
727,1290.58,0
727,1310.58,0
727,1330.58,0
727,1350.58,0
727,1370.58,0
727,1390.58,0
727,1410.58,0
727,1430.58,0
727,1450.58,0
727,1470.58,0
727,1490.58,0
727,1510.58,0
727,1530.58,0
716.42,1540,0
701,1544.58,0
701,1564.58,0
701,1584.58,0
701,1604.58,0
701,1624.58,0
701,1644.58,0
701,1664.58,0
701,1684.58,0
701,1704.58,0
701,1724.58,0
701,1744.58,0
701,1764.58,0
701,1784.58,0
701,1804.58,0
720.58,1805,0
740.58,1805,0
760.58,1805,0
780.58,1805,0
800.58,1805,0
820.58,1805,0
840.58,1805,0
860.58,1805,0
880.58,1805,0
900.58,1805,0
920.58,1805,0
940.58,1805,0
960.58,1805,0
980.58,1805,0
1000.58,1805,0
1020.58,1805,0
1040.58,1805,0
1060.58,1805,0
1080.58,1805,0
1100.58,1805,0
1120.58,1805,0
1140.58,1805,0
1160.58,1805,0
1180.58,1805,0
1200.58,1805,0
1220.58,1805,0
1240.58,1805,0
1260.58,1805,0
1280.58,1805,0
1300.58,1805,0
1320.58,1805,0
1328,1792.42,0
1328,1772.42,0
1328,1752.42,0
1328.58,1733,0
1340,1741.58,0
1340,1761.58,0
1340,1781.58,0
1340,1801.58,0
1340,1821.58,0
1355.08,1826.5,0
1375.08,1826.5,0
1395.08,1826.5,0
1415.08,1826.5,0
1435.08,1826.5,0
1455.08,1826.5,0
1456.5,1845.08,0
1456.5,1865.08,0
1456.5,1885.08,0
1456.5,1905.08,0
1456.5,1925.08,0
1456.5,1945.08,0
1456.5,1965.08,0
1464.58,1977,0
1484.58,1977,0
1504.58,1977,0
1524.58,1977,0
1544.58,1977,0
1564.58,1977,0
1584.58,1977,0
1604.58,1977,0
1624.58,1977,0
1644.58,1977,0
1664.58,1977,0
1654.7,1992.89,0
1643.87,2009.7,0
1633.4,2026.74,0
1623.3,2044,0
1613.57,2061.48,0
1604.22,2079.16,0
1595.26,2097.03,0
1586.68,2115.1,0
1578.49,2133.35,0
1570.7,2151.76,0
1563.3,2170.35,0
1556.3,2189.08,0
1549.71,2207.96,0
1543.53,2226.98,0
1537.75,2246.13,0
1532.39,2265.4,0
1527.45,2284.78,0
1522.92,2304.26,0
1518.82,2323.83,0
1515.13,2343.49,0
1511.87,2363.22,0
1509.03,2383.02,0
1506.62,2402.87,0
1504.64,2422.77,0
1503.09,2442.71,0
1501.96,2462.68,0
1501.27,2482.67,0
1501,2502.67,0
1501.17,2522.67,0
1501.76,2542.66,0
1502.79,2562.63,0
1504.24,2582.58,0
1506.12,2602.49,0
1508.43,2622.35,0
1511.17,2642.17,0
1514.33,2661.91,0
1517.92,2681.59,0
1521.93,2701.18,0
1526.36,2720.69,0
1531.2,2740.09,0
1536.47,2759.38,0
1542.14,2778.56,0
1548.23,2797.61,0
1554.73,2816.53,0
1561.63,2835.3,0
1568.93,2853.92,0
1576.64,2872.37,0
1584.73,2890.66,0
1593.22,2908.77,0
1602.1,2926.69,0
1611.36,2944.42,0
1621,2961.94,0
1631.01,2979.25,0
1641.39,2996.35,0
1652.14,3013.21,0
1663.25,3029.84,0
1649.25,3033,0
1629.25,3033,0
1609.25,3033,0
1589.25,3033,0
1569.25,3033,0
1549.25,3033,0
1529.25,3033,0
1509.25,3033,0
1489.25,3033,0
1469.25,3033,0
1456.5,3040.25,0
1456.5,3060.25,0
1456.5,3080.25,0
1456.5,3100.25,0
1456.5,3120.25,0
1456.5,3140.25,0
1456.5,3160.25,0
1456.5,3180.25,0
1439.75,3183.5,0
1419.75,3183.5,0
1399.75,3183.5,0
1379.75,3183.5,0
1359.75,3183.5,0
1340,3183.75,0
1340,3203.75,0
1340,3223.75,0
1340,3243.75,0
1340,3263.75,0
1340,3283.75,0
1340,3303.75,0
1340,3323.75,0
1340,3343.75,0
1340,3363.75,0
1340,3383.75,0
1340,3403.75,0
1340,3423.75,0
1340,3443.75,0
1340,3463.75,0
1340,3483.75,0
1340,3503.75,0
1340,3523.75,0
1340,3543.75,0
1340,3563.75,0
1340,3583.75,0
1347.75,3596,0
1367.75,3596,0
1387.75,3596,0
1407.75,3596,0
1427.75,3596,0
1447.75,3596,0
1466,3597.75,0
1466,3617.75,0
1466,3637.75,0
1466,3657.75,0
1466,3677.75,0
1466,3697.75,0
1466,3717.75,0
1466,3737.75,0
1466,3757.75,0
1466,3777.75,0
1466,3797.75,0
1466,3817.75,0
1466,3837.75,0
1466,3857.75,0
1466,3877.75,0
1466,3897.75,0
1466,3917.75,0
1466,3937.75,0
1466,3957.75,0
1466,3977.75,0
1466,3997.75,0
1466,4017.75,0
1466,4037.75,0
1466,4057.75,0
1462.25,4074,0
1442.25,4074,0
1422.25,4074,0
1402.25,4074,0
1382.25,4074,0
1362.25,4074,0
1342.25,4074,0
1322.25,4074,0
1302.25,4074,0
1282.25,4074,0
1262.25,4074,0
1242.25,4074,0
1222.25,4074,0
1202.25,4074,0
1182.25,4074,0
1162.25,4074,0
1142.25,4074,0
1122.25,4074,0
1102.25,4074,0
1082.25,4074,0
1062.25,4074,0
1042.25,4074,0
1022.25,4074,0
1002.25,4074,0
982.25,4074,0
962.25,4074,0
942.25,4074,0
922.25,4074,0
902.25,4074,0
882.25,4074,0
862.25,4074,0
842.25,4074,0
822.25,4074,0
802.25,4074,0
782.25,4074,0
762.25,4074,0
742.25,4074,0
722.25,4074,0
702.25,4074,0
682.25,4074,0
662.25,4074,0
642.25,4074,0
622.25,4074,0
602.25,4074,0
582.25,4074,0
562.25,4074,0
547,4078.75,0
547,4098.75,0
547,4118.75,0
547,4138.75,0
547,4158.75,0
547,4178.75,0
547,4198.75,0
547,4218.75,0
547,4238.75,0
547,4258.75,0
547,4278.75,0
547,4298.75,0
547,4318.75,0
547,4338.75,0
547,4358.75,0
547,4378.75,0
556.75,4389,0
576.75,4389,0
596.75,4389,0
616.75,4389,0
636.75,4389,0
656.75,4389,0
676.75,4389,0
696.75,4389,0
716.75,4389,0
736.75,4389,0
756.75,4389,0
776.75,4389,0
796.75,4389,0
816.75,4389,0
836.75,4389,0
856.75,4389,0
876.75,4389,0
896.75,4389,0
902,4374.25,0
902,4354.25,0
902,4334.25,0
902,4314.25,0
902,4294.25,0
902,4274.25,0
902,4254.25,0
916.75,4249,0
936.75,4249,0
956.75,4249,0
976.75,4249,0
996.75,4249,0
1016.75,4249,0
1036.75,4249,0
1056.75,4249,0
1076.75,4249,0
1096.75,4249,0
1116.75,4249,0
1136.75,4249,0
1156.75,4249,0
1176.75,4249,0
1196.75,4249,0
1216.75,4249,0
1236.75,4249,0
1256.75,4249,0
1276.75,4249,0
1296.75,4249,0
1316.75,4249,0
1336.75,4249,0
1356.75,4249,0
1376.75,4249,0
1396.75,4249,0
1416.75,4249,0
1436.75,4249,0
1456.75,4249,0
1466,4259.75,0
1466,4279.75,0
1466,4299.75,0
1466,4319.75,0
1483.75,4322,0
1503.75,4322,0
1523.75,4322,0
1543.75,4322,0
1563.75,4322,0
1583.75,4322,0
1603.75,4322,0
1623.75,4322,0
1643.75,4322,0
1663.75,4322,0
1683.75,4322,0
1703.75,4322,0
1723.75,4322,0
1743.75,4322,0
1763.75,4322,0
1783.75,4322,0
1803.75,4322,0
1823.75,4322,0
1843.75,4322,0
1863.75,4322,0
1883.75,4322,0
1903.75,4322,0
1923.75,4322,0
1943.75,4322,0
1963.75,4322,0
1965,4340.75,0
1965,4360.75,0
1965,4380.75,0
1965,4400.75,0
1965,4420.75,0
1965,4440.75,0
1971.25,4454.5,0
1991.25,4454.5,0
2011.25,4454.5,0
2031.25,4454.5,0
2051.25,4454.5,0
2071.25,4454.5,0
2091.25,4454.5,0
2111.25,4454.5,0
2131.25,4454.5,0
2151.25,4454.5,0
2171.25,4454.5,0
2191.25,4454.5,0
2208.5,4451.75,0
2208.5,4431.75,0
2208.5,4411.75,0
2208.5,4391.75,0
2208.5,4371.75,0
2208.5,4351.75,0
2208.5,4331.75,0
2218.75,4322,0
2238.75,4322,0
2258.75,4322,0
2278.75,4322,0
2298.75,4322,0
2318.75,4322,0
2338.75,4322,0
2358.75,4322,0
2369.5,4312.75,0
2369.5,4292.75,0
2369.5,4272.75,0
2369.5,4252.75,0
2369.5,4232.75,0
2369.5,4212.75,0
2369.5,4192.75,0
2369.5,4172.75,0
2369.5,4152.75,0
2369.5,4132.75,0
2369.5,4112.75,0
2369.5,4092.75,0
2369.5,4072.75,0
2369.5,4052.75,0
2369.5,4032.75,0
2369.5,4012.75,0
2369.5,3992.75,0
2369.5,3972.75,0
2369.5,3952.75,0
2369.5,3932.75,0
2369.5,3912.75,0
2369.5,3892.75,0
2369.5,3872.75,0
2369.5,3852.75,0
2369.5,3832.75,0
2369.5,3812.75,0
2369.5,3792.75,0
2369.5,3772.75,0
2369.5,3752.75,0
2369.5,3732.75,0
2369.5,3712.75,0
2369.5,3692.75,0
2369.5,3672.75,0
2369.5,3652.75,0
2369.5,3632.75,0
2369.5,3612.75,0
2369.5,3592.75,0
2369.5,3572.75,0
2361.75,3560.5,0
2356,3546.25,0
2356,3526.25,0
2356,3506.25,0
2343.75,3498.5,0
2323.75,3498.5,0
2303.75,3498.5,0
2283.75,3498.5,0
2263.75,3498.5,0
2243.75,3498.5,0
2223.75,3498.5,0
2203.75,3498.5,0
2183.75,3498.5,0
2163.75,3498.5,0
2143.75,3498.5,0
2123.75,3498.5,0
2103.75,3498.5,0
2083.75,3498.5,0
2063.75,3498.5,0
2043.75,3498.5,0
2023.75,3498.5,0
2003.75,3498.5,0
1983.75,3498.5,0
1963.75,3498.5,0
1943.75,3498.5,0
1923.75,3498.5,0
1903.75,3498.5,0
1903,3479.25,0
1903,3459.25,0
1903,3439.25,0
1903,3419.25,0
1903,3399.25,0
1903,3379.25,0
1903,3359.25,0
1903,3339.25,0
1903,3319.25,0
1903,3299.25,0
1903,3279.25,0
1912.37,3276.96,0
1929.09,3287.93,0
1946.04,3298.55,0
1963.22,3308.79,0
1980.61,3318.66,0
1998.21,3328.16,0
2016.01,3337.28,0
2034.01,3346.01,0
2052.18,3354.35,0
2070.53,3362.3,0
2089.05,3369.85,0
2107.73,3377.01,0
2126.56,3383.76,0
2145.52,3390.1,0
2164.62,3396.03,0
2183.84,3401.56,0
2203.18,3406.66,0
2222.62,3411.35,0
2242.16,3415.63,0
2261.79,3419.48,0
2281.49,3422.9,0
2301.26,3425.91,0
2321.09,3428.48,0
2340.98,3430.63,0
2360.9,3432.35,0
2380.86,3433.65,0
2400.84,3434.51,0
2420.84,3434.94,0
2440.84,3434.95,0
2460.83,3434.52,0
2480.81,3433.66,0
2500.77,3432.38,0
2520.7,3430.66,0
2540.58,3428.52,0
2560.42,3425.95,0
2580.19,3422.96,0
2599.9,3419.54,0
2619.52,3415.69,0
2639.06,3411.43,0
2658.5,3406.74,0
2677.84,3401.64,0
2697.07,3396.13,0
2716.17,3390.2,0
2735.14,3383.86,0
2753.97,3377.12,0
2772.65,3369.97,0
2791.17,3362.43,0
2809.52,3354.48,0
2827.7,3346.15,0
2845.7,3337.42,0
2863.5,3328.31,0
2881.1,3318.82,0
2898.5,3308.95,0
2915.68,3298.72,0
2932.64,3288.11,0
2949.36,3277.14,0
2959,3278.92,0
2959,3298.92,0
2959,3318.92,0
2959,3338.92,0
2959,3358.92,0
2959,3378.92,0
2959,3398.92,0
2959,3418.92,0
2959,3438.92,0
2959,3458.92,0
2959,3478.92,0
2978.42,3479.5,0
2998.42,3479.5,0
3018.42,3479.5,0
3038.42,3479.5,0
3058.42,3479.5,0
3078.42,3479.5,0
3098.42,3479.5,0
3109.5,3488.42,0
3109.5,3508.42,0
3109.5,3528.42,0
3109.5,3548.42,0
3109.5,3568.42,0
3109.5,3588.42,0
3121.92,3596,0
3141.92,3596,0
3161.92,3596,0
3181.92,3596,0
3201.92,3596,0
3221.92,3596,0
3241.92,3596,0
3261.92,3596,0
3281.92,3596,0
3301.92,3596,0
3321.92,3596,0
3341.92,3596,0
3361.92,3596,0
3381.92,3596,0
3401.92,3596,0
3421.92,3596,0
3441.92,3596,0
3461.92,3596,0
3481.92,3596,0
3501.92,3596,0
3521.92,3596,0
3522,3576.08,0
3522,3556.08,0
3522,3536.08,0
3522,3516.08,0
3522,3496.08,0
3522,3476.08,0
3522,3456.08,0
3522,3436.08,0
3522,3416.08,0
3523.92,3398,0
3534,3407.92,0
3534,3427.92,0
3534,3447.92,0
3534,3467.92,0
3551.92,3470,0
3571.92,3470,0
3591.92,3470,0
3611.92,3470,0
3631.92,3470,0
3651.92,3470,0
3671.92,3470,0
3691.92,3470,0
3711.92,3470,0
3731.92,3470,0
3751.92,3470,0
3771.92,3470,0
3791.92,3470,0
3811.92,3470,0
3831.92,3470,0
3851.92,3470,0
3871.92,3470,0
3891.92,3470,0
3911.92,3470,0
3931.92,3470,0
3951.92,3470,0
3971.92,3470,0
3991.92,3470,0
4000,3481.92,0
4000,3501.92,0
4000,3521.92,0
4000,3541.92,0
4000,3561.92,0
4000,3581.92,0
4000,3601.92,0
4000,3621.92,0
4000,3641.92,0
4000,3661.92,0
4000,3681.92,0
4000,3701.92,0
4000,3721.92,0
4000,3741.92,0
4000,3761.92,0
4000,3781.92,0
4000,3801.92,0
4000,3821.92,0
4000,3841.92,0
4000,3861.92,0
4000,3881.92,0
4000,3901.92,0
4000,3921.92,0
4000,3941.92,0
4000,3961.92,0
4000,3981.92,0
4000,4001.92,0
4000,4021.92,0
4000,4041.92,0
4000,4061.92,0
4000,4081.92,0
4000,4101.92,0
4000,4121.92,0
4000,4141.92,0
4000,4161.92,0
4000,4181.92,0
4000,4201.92,0
4000,4221.92,0
4000,4241.92,0
4000,4261.92,0
4000,4281.92,0
4000,4301.92,0
4000,4321.92,0
4000,4341.92,0
4000,4361.92,0
4000,4381.92,0
4012.92,4389,0
4032.92,4389,0
4052.92,4389,0
4072.92,4389,0
4092.92,4389,0
4112.92,4389,0
4132.92,4389,0
4152.92,4389,0
4172.92,4389,0
4192.92,4389,0
4212.92,4389,0
4232.92,4389,0
4252.92,4389,0
4272.92,4389,0
4292.92,4389,0
4312.92,4389,0
4322,4378.08,0
4322,4358.08,0
4322,4338.08,0
4322,4318.08,0
4322,4298.08,0
4322,4278.08,0
4322,4258.08,0
4322,4238.08,0
4322,4218.08,0
4322,4198.08,0
4322,4178.08,0
4322,4158.08,0
4322,4138.08,0
4322,4118.08,0
4319.08,4101,0
4299.08,4101,0
4279.08,4101,0
4259.08,4101,0
4239.08,4101,0
4219.08,4101,0
4199.08,4101,0
4179.08,4101,0
4175,4085.08,0
4175,4065.08,0
4175,4045.08,0
4175,4025.08,0
4175,4005.08,0
4175,3985.08,0
4175,3965.08,0
4175,3945.08,0
4175,3925.08,0
4175,3905.08,0
4175,3885.08,0
4175,3865.08,0
4175,3845.08,0
4175,3825.08,0
4175,3805.08,0
4175,3785.08,0
4175,3765.08,0
4175,3745.08,0
4175,3725.08,0
4175,3705.08,0
4175,3685.08,0
4175,3665.08,0
4175,3645.08,0
4175,3625.08,0
4175,3605.08,0
4175,3585.08,0
4175,3565.08,0
4175,3545.08,0
4175,3525.08,0
4175,3505.08,0
4175,3485.08,0
4179.92,3470,0
4199.92,3470,0
4219.92,3470,0
4235,3465.08,0
4235,3445.08,0
4235,3425.08,0
4235,3405.08,0
4235,3385.08,0
4235,3365.08,0
4235,3345.08,0
4235,3325.08,0
4235,3305.08,0
4235,3285.08,0
4235,3265.08,0
4235,3245.08,0
4235,3225.08,0
4235,3205.08,0
4215.08,3205,0
4195.08,3205,0
4175.08,3205,0
4155.08,3205,0
4135.08,3205,0
4115.08,3205,0
4095.08,3205,0
4075.08,3205,0
4055.08,3205,0
4035.08,3205,0
4015.08,3205,0
3995.08,3205,0
3975.08,3205,0
3955.08,3205,0
3935.08,3205,0
3915.08,3205,0
3895.08,3205,0
3875.08,3205,0
3855.08,3205,0
3835.08,3205,0
3815.08,3205,0
3795.08,3205,0
3775.08,3205,0
3755.08,3205,0
3735.08,3205,0
3715.08,3205,0
3695.08,3205,0
3675.08,3205,0
3655.08,3205,0
3635.08,3205,0
3615.08,3205,0
3595.08,3205,0
3575.08,3205,0
3555.08,3205,0
3535.08,3205,0
3534,3223.92,0
3534,3243.92,0
3534,3263.92,0
3527.08,3277,0
3522,3262.08,0
3522,3242.08,0
3522,3222.08,0
3522,3202.08,0
3520.58,3183.5,0
3500.58,3183.5,0
3480.58,3183.5,0
3460.58,3183.5,0
3440.58,3183.5,0
3420.58,3183.5,0
3405.5,3178.58,0
3405.5,3158.58,0
3405.5,3138.58,0
3405.5,3118.58,0
3405.5,3098.58,0
3405.5,3078.58,0
3405.5,3058.58,0
3405.5,3038.58,0
3391.08,3033,0
3371.08,3033,0
3351.08,3033,0
3331.08,3033,0
3311.08,3033,0
3291.08,3033,0
3271.08,3033,0
3251.08,3033,0
3231.08,3033,0
3211.08,3033,0
3199.69,3028.46,0
3210.77,3011.81,0
3221.49,2994.92,0
3231.84,2977.81,0
3241.82,2960.48,0
3251.43,2942.94,0
3260.66,2925.2,0
3269.5,2907.26,0
3277.96,2889.13,0
3286.02,2870.83,0
3293.69,2852.36,0
3300.96,2833.73,0
3307.83,2814.95,0
3314.29,2796.02,0
3320.35,2776.96,0
3325.99,2757.77,0
3331.22,2738.47,0
3336.03,2719.06,0
3340.42,2699.54,0
3344.4,2679.94,0
3347.95,2660.26,0
3351.07,2640.51,0
3353.78,2620.69,0
3356.05,2600.82,0
3357.9,2580.91,0
3359.31,2560.96,0
3360.3,2540.98,0
3360.86,2520.99,0
3360.99,2500.99,0
3360.69,2481,0
3359.96,2461.01,0
3358.8,2441.04,0
3357.21,2421.11,0
3355.19,2401.21,0
3352.74,2381.36,0
3349.87,2361.57,0
3346.58,2341.84,0
3342.86,2322.19,0
3338.71,2302.62,0
3334.15,2283.15,0
3329.17,2263.78,0
3323.78,2244.52,0
3317.97,2225.39,0
3311.75,2206.38,0
3305.13,2187.51,0
3298.1,2168.78,0
3290.67,2150.22,0
3282.84,2131.81,0
3274.62,2113.58,0
3266.01,2095.53,0
3257.01,2077.67,0
3247.63,2060.01,0
3237.87,2042.55,0
3227.74,2025.3,0
3217.24,2008.28,0
3206.38,1991.49,0
3199.09,1977,0
3219.09,1977,0
3239.09,1977,0
3259.09,1977,0
3279.09,1977,0
3299.09,1977,0
3319.09,1977,0
3339.09,1977,0
3359.09,1977,0
3379.09,1977,0
3399.09,1977,0
3405.5,1963.41,0
3405.5,1943.41,0
3405.5,1923.41,0
3405.5,1903.41,0
3405.5,1883.41,0
3405.5,1863.41,0
3405.5,1843.41,0
3408.59,1826.5,0
3428.59,1826.5,0
3448.59,1826.5,0
3468.59,1826.5,0
3488.59,1826.5,0
3508.59,1826.5,0
3522,1819.91,0
3527.09,1805,0
3547.09,1805,0
3567.09,1805,0
3587.09,1805,0
3607.09,1805,0
3627.09,1805,0
3647.09,1805,0
3667.09,1805,0
3687.09,1805,0
3707.09,1805,0
3727.09,1805,0
3747.09,1805,0
3767.09,1805,0
3787.09,1805,0
3807.09,1805,0
3827.09,1805,0
3847.09,1805,0
3867.09,1805,0
3887.09,1805,0
3907.09,1805,0
3927.09,1805,0
3947.09,1805,0
3967.09,1805,0
3987.09,1805,0
4007.09,1805,0
4027.09,1805,0
4026.91,1817,0
4006.91,1817,0
3993,1823.09,0
3993,1843.09,0
3993,1863.09,0
3993,1883.09,0
3993,1903.09,0
3993,1923.09,0
3993,1943.09,0
3993,1963.09,0
3993,1983.09,0
3993,2003.09,0
3993,2023.09,0
3993,2043.09,0
3993,2063.09,0
3993,2083.09,0
3993,2103.09,0
3993,2123.09,0
3993,2143.09,0
3993,2163.09,0
3993,2183.09,0
3993,2203.09,0
3993,2223.09,0
3993,2243.09,0
3993,2263.09,0
3993,2283.09,0
3993,2303.09,0
3993,2323.09,0
3993,2343.09,0
3993,2363.09,0
3993,2383.09,0
3993,2403.09,0
3993,2423.09,0
3993,2443.09,0
4012.51,2443.58,0
4032.51,2443.58,0
4052.51,2443.58,0
4072.51,2443.57,0
4092.51,2443.57,0
4112.51,2443.57,0
4132.51,2443.57,0
4152.51,2443.57,0
4172.51,2443.57,0
4192.51,2443.56,0
4212.51,2443.56,0
4232.51,2443.56,0
4235,2426.05,0
4235,2406.05,0
4235,2386.05,0
4235,2366.05,0
4235,2346.05,0
4235,2326.05,0
4235,2306.05,0
4235,2286.05,0
4235,2266.05,0
4235,2246.05,0
4235,2226.05,0
4235,2206.05,0
4235,2186.05,0
4235,2166.05,0
4235,2146.05,0
4235,2126.05,0
4235,2106.05,0
4235,2086.05,0
4235,2066.05,0
4235,2046.05,0
4235,2026.05,0
4235,2006.05,0
4235,1986.05,0
4235,1966.05,0
4235,1946.05,0
4235,1926.05,0
4235,1906.05,0
4235,1886.05,0
4235,1866.05,0
4235,1846.05,0
4235,1826.05,0
4224.05,1817,0
4204.05,1817,0
4184.05,1817,0
4164.05,1817,0
4144.05,1817,0
4132,1809.05,0
4147.95,1805,0
4167.95,1805,0
4187.95,1805,0
4207.95,1805,0
4227.95,1805,0
4235,1792.05,0
4235,1772.05,0
4235,1752.05,0
4235.95,1733,0
4254,1734.95,0
4254,1754.95,0
4254,1774.95,0
4254,1794.95,0
4270.95,1798,0
4290.95,1798,0
4310.95,1798,0
4330.95,1798,0
4350.95,1798,0
4370.95,1798,0
4390.95,1798,0
4410.95,1798,0
4430.95,1798,0
4450.95,1798,0
4470.95,1798,0
4474,1781.05,0
4474,1761.05,0
4474,1741.05,0
4474,1721.05,0
4474,1701.05,0
4474,1681.05,0
4474,1661.05,0
4474,1641.05,0
4474,1621.05,0
4474,1601.05,0
4474,1581.05,0
4474,1561.05,0
4468.05,1547,0
4448.05,1547,0
4428.05,1547,0
4408.05,1547,0
4388.05,1547,0
4368.05,1547,0
4348.05,1547,0
4328.05,1547,0
4308.05,1547,0
4288.05,1547,0
4268.05,1547,0
4254,1552.95,0
4254,1572.95,0
4254,1592.95,0
4253.05,1612,0
4235,1610.05,0
4235,1590.05,0
4235,1570.05,0
4235,1550.05,0
4225.05,1540,0
4205.05,1540,0
4185.05,1540,0
4165.05,1540,0
4145.05,1540,0
4125.05,1540,0
4105.05,1540,0
4085.05,1540,0
4065.05,1540,0
4045.05,1540,0
4025.05,1540,0
4005.05,1540,0
3985.05,1540,0
3965.05,1540,0
3945.05,1540,0
3925.05,1540,0
3905.05,1540,0
3885.05,1540,0
3865.05,1540,0
3845.05,1540,0
3825.05,1540,0
3805.05,1540,0
3785.05,1540,0
3765.05,1540,0
3745.05,1540,0
3725.05,1540,0
3705.05,1540,0
3685.05,1540,0
3665.05,1540,0
3645.05,1540,0
3625.05,1540,0
3605.05,1540,0
3585.05,1540,0
3565.05,1540,0
3545.05,1540,0
3525.05,1540,0
3522,1523.05,0
3522,1503.05,0
3522,1483.05,0
3522,1463.05,0
3522,1443.05,0
3522,1423.05,0
3511.05,1414,0
3491.05,1414,0
3471.05,1414,0
3451.05,1414,0
3431.05,1414,0
3411.05,1414,0
3391.05,1414,0
3371.05,1414,0
3351.05,1414,0
3331.05,1414,0
3311.05,1414,0
3291.05,1414,0
3271.05,1414,0
3251.05,1414,0
3231.05,1414,0
3211.05,1414,0
3191.05,1414,0
3171.05,1414,0
3151.05,1414,0
3131.05,1414,0
3111.05,1414,0
3109.5,1432.45,0
3109.5,1452.45,0
3109.5,1472.45,0
3109.5,1492.45,0
3109.5,1512.45,0
3107.55,1530.5,0
3087.55,1530.5,0
3067.55,1530.5,0
3047.55,1530.5,0
3027.55,1530.5,0
3007.55,1530.5,0
2987.55,1530.5,0
2967.55,1530.5,0
2959,1541.95,0
2959,1561.95,0
2959,1581.95,0
2959,1601.95,0
2959,1621.95,0
2959,1641.95,0
2959,1661.95,0
2959,1681.95,0
2959,1701.95,0
2959,1721.95,0
2956.91,1737.98,0
2940.3,1726.85,0
2923.45,1716.08,0
2906.37,1705.67,0
2889.07,1695.63,0
2871.56,1685.97,0
2853.84,1676.69,0
2835.94,1667.79,0
2817.84,1659.27,0
2799.56,1651.15,0
2781.12,1643.42,0
2762.51,1636.09,0
2743.75,1629.16,0
2724.84,1622.64,0
2705.8,1616.53,0
2686.63,1610.82,0
2667.34,1605.53,0
2647.95,1600.66,0
2628.45,1596.2,0
2608.86,1592.17,0
2589.19,1588.55,0
2569.45,1585.36,0
2549.64,1582.6,0
2529.78,1580.26,0
2509.87,1578.35,0
2489.92,1576.87,0
2469.95,1575.82,0
2449.96,1575.19,0
2429.96,1575,0
2409.97,1575.24,0
2389.98,1575.91,0
2370.01,1577,0
2350.07,1578.53,0
2330.16,1580.48,0
2310.3,1582.87,0
2290.5,1585.67,0
2270.77,1588.91,0
2251.1,1592.56,0
2231.53,1596.64,0
2212.04,1601.14,0
2192.65,1606.06,0
2173.38,1611.39,0
2154.22,1617.14,0
2135.19,1623.3,0
2116.3,1629.86,0
2097.56,1636.83,0
2078.96,1644.2,0
2060.53,1651.97,0
2042.28,1660.14,0
2024.2,1668.69,0
2006.31,1677.63,0
1988.62,1686.96,0
1971.13,1696.66,0
1953.85,1706.73,0
1936.8,1717.18,0
1919.97,1727.99,0
1903.38,1739.16,0
1903,1739.42,0
